"","Mutation","MutRate","SE","CI"
"1","AA",0,0,0
"2","AC",1.71436713428787e-06,2.02073191687764e-07,3.96063455708016e-07
"3","AG",1.32331497290293e-05,5.6141743649613e-07,1.10037817553241e-06
"4","AU",1.39389705971685e-06,1.82209998890567e-07,3.57131597825511e-07
"5","CA",7.642130626127e-07,1.11078515644195e-07,2.17713890662622e-07
"6","CC",0,0,0
"7","CG",4.1157059582388e-07,8.15164176114955e-08,1.59772178518531e-07
"8","CU",4.25323028215578e-06,2.62048410781601e-07,5.13614885131938e-07
"9","GA",3.17851546061467e-06,2.31065346727064e-07,4.52888079585045e-07
"10","GC",5.20132822733677e-07,9.34717474551341e-08,1.83204625012063e-07
"11","GG",0,0,0
"12","GU",9.11681257982753e-07,1.23749843962252e-07,2.42549694166014e-07
"13","UA",1.05738463206168e-06,1.54743842312019e-07,3.03297930931558e-07
"14","UC",1.13531762126136e-05,5.07052972200767e-07,9.93823825513503e-07
"15","UG",1.0416234307115e-06,1.53586220364558e-07,3.01028991914535e-07
"16","UU",0,0,0
