"","Mutation","MutRate"
"1","AA",0
"2","AC",1.71436713428787e-06
"3","AG",1.32331497290293e-05
"4","AU",1.39389705971685e-06
"5","CA",7.642130626127e-07
"6","CC",0
"7","CG",4.1157059582388e-07
"8","CU",4.25323028215578e-06
"9","GA",3.17851546061467e-06
"10","GC",5.20132822733677e-07
"11","GG",0
"12","GU",9.11681257982753e-07
"13","UA",1.05738463206168e-06
"14","UC",1.13531762126136e-05
"15","UG",1.0416234307115e-06
"16","UU",0
