"","Mutation","MutRate","SE","CI"
"1","AA",0,0,0
"2","AC",1.71436713428787e-06,1.46668049562363e-07,2.87469377142231e-07
"3","AG",1.32331497290293e-05,4.69658666379831e-07,9.20530986104468e-07
"4","AU",1.39389705971685e-06,1.76527551112026e-07,3.45994000179572e-07
"5","CA",7.642130626127e-07,6.2973977022005e-08,1.2342899496313e-07
"6","CC",0,0,0
"7","CG",4.1157059582388e-07,3.5142893160591e-08,6.88800705947584e-08
"8","CU",4.25323028215578e-06,1.27081087028771e-07,2.4907893057639e-07
"9","GA",3.17851546061467e-06,1.36026675176548e-07,2.66612283346033e-07
"10","GC",5.20132822733677e-07,4.71223443549631e-08,9.23597949357276e-08
"11","GG",0,0,0
"12","GU",9.11681257982753e-07,3.74539392080441e-08,7.34097208477664e-08
"13","UA",1.05738463206168e-06,7.49651898849456e-08,1.46931772174493e-07
"14","UC",1.13531762126136e-05,3.01149022241689e-07,5.9025208359371e-07
"15","UG",1.0416234307115e-06,8.61038849449695e-08,1.6876361449214e-07
"16","UU",0,0,0
