"","mutation","mut.rate"
"1","AU",1.39583757814606e-06
"2","CU",4.23741020625174e-06
"3","GU",9.06216645248999e-07
"4","UU",0
"5","AA",0
"6","CA",7.63506397084679e-07
"7","GA",3.17118130026209e-06
"8","UA",1.05940391841533e-06
"9","AC",1.70256410683462e-06
"10","CC",0
"11","GC",5.17366294491198e-07
"12","UC",1.1326285575967e-05
"13","AG",1.31533193023948e-05
"14","CG",4.09255248372188e-07
"15","GG",0
"16","UG",1.03590518379724e-06
