"","Group.1","x","lower","upper","lower.R","upper.R"
"1","AG",1.32331497290293e-05,5.59151330896677e-06,3.05887044459584e-05,4.03690959482268e-06,1.05889277493091e-05
"2","CU",4.25323028215578e-06,1.2211609311498e-06,1.843534395938e-05,1.63644588102568e-06,8.43230012968464e-06
"3","GA",3.17851546061467e-06,8.38632136050806e-07,1.68408922416716e-05,1.26485299681388e-06,8.09128447118813e-06
"4","UC",1.13531762126136e-05,4.51733365632338e-06,2.86106017616804e-05,3.75520128017209e-06,1.0362768737517e-05
