"","pos","Median","Mean","RealMedian","RealMean","numberofSample","EstSC","Type","Color","ref","Holm"
"1","5528",0.00398406374501992,0.00602922737561623,0.00223785166240409,0.00569933419297184,119,0.000557699435231272,"syn","#009ADE","g",1
"2","5529",0.00145632642626497,0.00223798045697851,0.0021369197769967,0.0021476093115874,130,0.00198044879914029,"stop","#B88A00","c",1
"3","5530",0.00216153902700063,0.00250903740723272,0.00223711967117717,0.00265310491454913,130,0.00498779737524181,"nonsyn","#E16A86","a",1
"4","5531",0.00164602772669248,0.00298718071346105,0.00088771385117298,0.00334843871466,122,0.000949252989669072,"syn","#009ADE","g",1
