genotype,factor,effect,percent,percent_SC
1A,T,0.012825025,0.122705093,-0.210059
1A,C,0.00670815,-0.412767307,-0.397497
1A,G,0.005548339,-0.514297351,-0.438554
1A,CpG,0.010624849,-0.069898727,0.070078
1A,Nonsyn,0.005350201,-0.531642411,1.073488
1A,AAChange,0.010081949,-0.117424281,0.138591
1A,Core,0.009196053,-0.194975758,0.061128
1A,E1,0.011859415,0.038175449,-0.084017
1A,HVR1,0.01445951,0.265788266,-0.366845
1A,E2,0.012427781,0.087930261,-0.098760
1A,NS1,0.012249851,0.072354241,-0.153961
1A,NS2,0.012493354,0.09367059,-0.125898
1A,NS4A,0.010802217,-0.054371848,-0.052052
1A,NS5B,0.009703475,-0.150556004,0.057401
1A,T*Nonsyn,0.004986628,-0.169822043,0.183542
1A,C*Nonsyn,0.002722588,-0.133434189,0.187222
1A,G*Nonsyn,0.002851741,0.097411679,-0.085224