"","Mutation","MutRate","SE","CI"
"1","AA",0,0,0
"2","AC",1.71436713428787e-06,1.16667011616937e-07,2.28667342769197e-07
"3","AG",1.32331497290293e-05,3.2413450808879e-07,6.35303635854029e-07
"4","AU",1.39389705971685e-06,1.0519899190851e-07,2.0619002414068e-07
"5","CA",7.642130626127e-07,6.41312109083599e-08,1.25697173380385e-07
"6","CC",0,0,0
"7","CG",4.1157059582388e-07,4.70635256513709e-08,9.22445102766869e-08
"8","CU",4.25323028215578e-06,1.51293720505471e-07,2.96535692190723e-07
"9","GA",3.17851546061467e-06,1.33405640133264e-07,2.61475054661198e-07
"10","GC",5.20132822733677e-07,5.39659385548464e-08,1.05773239567499e-07
"11","GG",0,0,0
"12","GU",9.11681257982753e-07,7.14470057237805e-08,1.4003613121861e-07
"13","UA",1.05738463206168e-06,8.93413990142814e-08,1.75109142067992e-07
"14","UC",1.13531762126136e-05,2.92747169993512e-07,5.73784453187284e-07
"15","UG",1.0416234307115e-06,8.8673045671295e-08,1.73799169515738e-07
"16","UU",0,0,0
