"","nt","Mean","SE"
"1","A.inVitro",0.00031457159641901,0.000420085396380757
"2","T.inVitro",0.000269410840969135,0.000376506279229041
"3","C.inVitro",0.000101939622253338,0.000194839599375548
"4","G.inVitro",7.60780340160223e-05,0.000174229859536233
"5","A.inVivo",0.00573380482041471,0.00190738468554986
"6","T.inVivo",0.00645403545524559,0.00195485107321945
"7","C.inVivo",0.00446401997358149,0.00134654195415329
"8","G.inVivo",0.00335446065435675,0.00119554686202813
