"","mean","se"
"syn_all",0.000976967277317246,3.06434019408226e-05
"syn_allCpG",0.00136057131408881,8.26020515078683e-05
"syn_allnonCpG",0.00134284605483708,8.21862469778053e-05
"nonsyn_all",0.00256427130288245,2.16035353643588e-05
"nonsyn_allCpG",0.00329212948985913,3.65236348893514e-05
"nonsyn_allnonCpG",0.00315074241049401,3.92378296042694e-05
"stop_all",0.00210659734020117,5.36917925618079e-05
"stop_allCpG",NA,NA
"stop_allnonCpG",NA,NA
