"","type","All","syn","nonsyn","stop"
"1","Ts",0.00480424891984781,0.00809253050547108,0.00334762482610489,0.00202238115066804
"2","Tv1",0.000514510506452373,NA,NA,NA
"3","Tv2",0.000453199964086575,NA,NA,NA
"4","Tvs",0.00096771047009809,0.00142102401863351,0.000783667399785696,0.000691332255137719
"5","All",0.00577195939023562,NA,NA,NA
