"","Type","SE","CI","Mutation"
"1","all",4.25310093574821e-05,8.33607783406649e-05,"Ts"
"2","syn",9.06641832046309e-05,0.000177701799081077,"Ts"
"3","nonsyn",2.76816005387027e-05,5.42559370558572e-05,"Ts"
"4","stop",9.20452620925891e-05,0.000180408713701475,"Ts"
"5","all",9.40895407411452e-06,1.84415499852645e-05,"Tvs"
"6","syn",2.53811395861393e-05,4.9747033588833e-05,"Tvs"
"7","nonsyn",9.20009117213963e-06,1.80321786973937e-05,"Tvs"
"8","stop",1.95274773291452e-05,3.82738555651246e-05,"Tvs"
