"","test","rawP","Type","Bonferroni","BH","Holm","Hochberg","Hommel","BY"
"1","syn.vs.nonsyn",0,"Ts",0,0,0,0,0,0
"3","nonsyn.vs.stop",1.93344647782436e-41,"Ts",9.6672323891218e-41,2.41680809728045e-41,3.86689295564872e-41,3.86689295564872e-41,3.86689295564872e-41,5.51837848879036e-41
"11","syn.vs.nonsyn",2.7885283566233e-175,"Tvs",1.39426417831165e-174,4.64754726103883e-175,8.3655850698699e-175,8.3655850698699e-175,8.3655850698699e-175,1.0611899579372e-174
"31","nonsyn.vs.stop",1,"Tvs",1,1,1,1,1,1
"5","Ts.vs.Tvs",0,"all",0,0,0,0,0,0
