Feature,Importance
bigAAChange,0.09074131714978077
Core,0.022894361042413897
NS5B,0.020581553181342013
Nonsyn,0.71258393856345
*-MutAA,0.08131746082858703
a-refN,0.03972980960458733
t-refN,0.03215155962983886
