Feature,Importance
bigAAChange,0.07311973368506489
Core,0.021778733255999116
NS5B,0.021286293370239674
Nonsyn,0.7903657262492788
Nonpolar AA,0.0004254639356102503
*-MutAA,0.05491224022213242
g-refN,0.03811180928167467
