Feature,Importance
makesCpG,0.01584758822490103
bigAAChange,0.08319199995628723
Core,0.021330428599181262
NS5B,0.02077694877054561
Nonsyn,0.4798323543603373
*-MutAA,0.04372420579036304
a-refN,0.01851055116006918
c-refN,0.08576268608670727
g-refN,0.156731894894846
makesGpT,0.04230264561395745
makesTpG,0.03198869654280467
