"","syn","nonsyn","stop","syn_se","nonsyn_se","stop_se","syn_noncpg","nonsyn_noncpg","stop_noncpg","syn_noncpg_se","nonsyn_noncpg_se","stop_noncpg_se","syn_cpg","nonsyn_cpg","stop_cpg","syn_cpg_se","nonsyn_cpg_se","stop_cpg_se"
"a",0.00146268833888017,0.00334142730070653,NA,7.63423751184118e-05,4.55117650401442e-05,NA,0.00146568713683647,0.00331991705221862,NA,0.000121235624816782,6.5211637367846e-05,NA,0.00145816336696398,0.003381939876334,NA,5.76010407296365e-05,4.6260094268894e-05,NA
"t",0.00128229906678218,0.00305112800232952,NA,8.3513521353749e-05,3.27440859382029e-05,NA,0.00127174967518674,0.00296594826348664,NA,0.000109080394456119,3.98112206565678e-05,NA,0.00129950813016692,0.00320067873102855,NA,0.000129316353715215,5.64196276883678e-05,NA
"c",0.000811279690109671,0.00233455581666233,0.00244011668428705,1.60339307912521e-05,3.16204387622256e-05,9.6025421606454e-05,0.000811279690109671,0.00233455581666233,0.00244011668428705,1.60339307912521e-05,3.16204387622256e-05,9.6025421606454e-05,NA,NA,NA,NA,NA,NA
"g",0.000841708016218488,0.00170619308847626,0.00185778132159743,8.81052187307932e-05,4.20754709620564e-05,5.04129491566609e-05,0.000841708016218488,0.00170619308847626,0.00185778132159743,8.81052187307932e-05,4.20754709620564e-05,5.04129491566609e-05,NA,NA,NA,NA,NA,NA
