"","Type","mean","se","CI"
"1","syn","0.000891416801501862","0.000484198916048568","0.000949029875455193"
"2","nonsyn","0.00251622218689014","0.000825829778871292","0.00161862636658773"
"3","stop","0.00210659734006278","0.000726674576960002","0.0014242821708416"
"4","all","0.00198521211121901","0.00071381963807648","0.0013990864906299"
