"","Type","mean","se","CI"
"1","syn","0.000891416801457492","1.03390047203339e-05","2.02644492518544e-05"
"2","nonsyn","0.00251622218675874","1.64634523440944e-05","3.2268366594425e-05"
"3","stop","0.00210659734056915","5.36917925972037e-05","0.000105235913490519"
"4","all","0.00198521211113308","1.41348592460215e-05","2.77043241222021e-05"
