"","nt","test","rawP","Bonferroni","BH","Holm","Hochberg","Hommel","BY"
"1","a","syncpg and synnoncpg",0.0131626842311201,0.0789761053867205,0.0263253684622402,0.0526507369244803,0.0526507369244803,0.0526507369244803,0.0644971527324884
"2","a","nonsyncpg and nonsynnoncpg",5.2397858991769e-70,3.14387153950614e-69,3.14387153950614e-69,3.14387153950614e-69,3.14387153950614e-69,3.14387153950614e-69,7.70248527179004e-69
"3","t","syncpg and synnoncpg",0.999999809635309,1,0.999999809635309,1,0.999999809635309,0.999999809635309,1
"4","t","nonsyncpg and nonsynnoncpg",2.87325365498594e-68,1.72395219299156e-67,8.61976096495782e-68,1.43662682749297e-67,1.43662682749297e-67,1.43662682749297e-67,2.11184143641466e-67
"5","c","synnoncpg and nonsynnoncpg",0.500226067241484,1,0.600271280689781,1,0.999999809635309,0.999999809635309,1
"6","g","synnoncpg and nonsynnoncpg",0.500226067241484,1,0.600271280689781,1,0.999999809635309,0.999999809635309,1
