"","nt","test","rawP","Bonferroni","BH","Holm","Hochberg","Hommel","BY"
"1","a","syncpg and synnoncpg",0.0131626842311201,0.0789761053867205,0.0157952210773441,0.0263253684622402,0.0263253684622402,0.0263253684622402,0.0386982916394931
"2","a","nonsyncpg and nonsynnoncpg",7.59551113774298e-06,4.55730668264579e-05,1.13932667066145e-05,2.27865334132289e-05,2.27865334132289e-05,2.27865334132289e-05,2.79135034312054e-05
"3","t","syncpg and synnoncpg",0.0677326819162356,0.406396091497414,0.0677326819162356,0.0677326819162356,0.0677326819162356,0.0677326819162356,0.165945070694777
"4","t","nonsyncpg and nonsynnoncpg",3.65349817705802e-08,2.19209890623481e-07,7.30699635411603e-08,1.46139927082321e-07,1.46139927082321e-07,1.46139927082321e-07,1.79021410675843e-07
"5","c","synnoncpg and nonsynnoncpg",9.43913734058728e-299,5.66348240435237e-298,5.66348240435237e-298,5.66348240435237e-298,5.66348240435237e-298,5.66348240435237e-298,1.38755318906633e-297
"6","g","synnoncpg and nonsynnoncpg",9.85938293066105e-190,5.91562975839663e-189,2.95781487919831e-189,4.92969146533053e-189,4.92969146533053e-189,4.92969146533053e-189,7.24664645403587e-189
