"","test","rawP","Bonferroni","BH","Holm","Hochberg","Hommel","BY"
"1","syn_all and nonsyn_all",0,0,0,0,0,0,0
"2","nonsyn_all and stop_all",0.999999796500346,1,0.999999796500346,0.999999796500346,0.999999796500346,0.999999796500346,1
"3","syn_allCpG and syn_allnonCpG",0.0147440484404636,0.0589761937618545,0.0196587312539515,0.0294880968809273,0.0294880968809273,0.0294880968809273,0.040955690112399
"4","nonsyn_allCpG and nonsyn_allnonCpG",2.10799331348367e-11,8.43197325393466e-11,4.21598662696733e-11,6.323979940451e-11,6.323979940451e-11,6.323979940451e-11,8.78330547284861e-11
